"Year","Report<BR>State","Plant Name","Owner Company","Operator Company","County Name","Zipcode","Plant Capacity","Plant Flow","BTU Content","Dry Gas Storage Capacity","NG Liquid Storage Capacity"
"2017","AL","Atmore Plant","GAS PROCESSORS INC","GAS PROCESSORS INC","Escambia","39502","9","9","1275","","2857"
"2017","AL","Big Escambia Creek Gas Processing Plant","Escambia Operating Company, LLC","Vanguard Natural Resources Inc.","Escambia","36502","50","29","900","","34000"
"2017","AL","Castleberry Plant","GAS PROCESSORS INC","GAS PROCESSORS INC","CONECUH","36432","9","9","1275","","2857"
"2017","AL","Chatom Plant","","American Midstream Chatom, LLC","Washington","36518","12","7","1200","","6190"
"2017","AL","Lufkin Plant","","Hilcorp Energy Co.","Monroe","36445","3","1","1100","","952"
"2017","AL","Mobile Bay","DCP Operating Company, LP","DCP Operating Company, LP","Mobile","36523","300","60","1090","","70000"
"2017","AL","Monroeville Plant","Palmer Petroleum Inc","Palmer Petroleum Inc","Monroe","36460","2","0","1300","","2142"
"2017","AL","Monroeville Plant","Palmer Petroleum Inc","Palmer Petroleum Inc","Monroe","36460","2","0","1300","","2142"
"2017","AL","North Beach Plant","Plains Gas Solutions, LLC","","Conecuha","36401","10","","","","2000"
"2017","AL","Wildfork Plant","GAS PROCESSORS INC","GAS PROCESSORS INC","Monroe","36445","9","9","1275","","2857"
"2017","AL","Williams Mobile Bay Processing Plant","The Williams Companies, Inc.","The Williams Companies, Inc.","Mobile","36523","690","350","1135","",""
"2017","AL","Yellowhammer Gas Plant","W&T Offshore, Inc.","W&T Offshore, Inc.","Mobile","36523","200","60","1110","","7142"
"2017","AR","Dorcheat Gas Processing Plant","Bonanza Creek Energy, Inc.","Bonanza Creek Energy, Inc.","Columbia","71753","12","11","1188","","3857"
"2017","Al","Hatter`s Pond","","Hilcorp Energy Co.","Mobile","36525","70","8","1295","","15000"
"2017","CA","Belridge Gas Plant","Seneca Resources Corporation","Seneca Resources Corporation","Kern","93251","14","8","1148","","8346"
"2017","CA","CRESTWOOD","CRESTWOOD MIDSTREAM PARTNERS","CRESTWOOD WEST COAST","KERN","93276","24","1","1271","","373"
"2017","CA","California-San Joaquin Basin Onshore CA10","California Resources Corporation","Elk Hills Power LLC","Kern","93276","225","215","1220","","110000"
"2017","CA","Greeley Gas Plant","Crimson Resource Management Corp","Crimson Resource Management Corp","Kern","93309","0.7","0.45","1200","0","238"
"2017","CA","Harbor City","","Brea Canon Oil Co., Inc.","Los Angeles","90710-1400","","","","",""
"2017","CA","Lompoc Oil & Gas Plant","Freeport-McMoRan Oil & Gas - 100%","Freeport-McMoRan Oil & Gas","Santa Barbara","93436","15","3","1176","","2140"
"2017","CA","McKittrick 17Z Plant","Chevron","Chevron","Kern","93251","80","24","1140","","5714"
"2017","CA","Santa Clara Valley Gas Plant","VINTAGE PIPELINE, INC.","VINTAGE PIPELINE, INC.","Ventura","93040","17","10","1250","","2610"
"2017","CA","Signal Hill West Unit Gas Plant","Signal Hill Petroleum, Inc.","Signal Hill Petroleum, Inc.","Los Angelese","90755","4","1","1476","","952"
"2017","CA","VENTURA GAS PLANT 7","AERA ENERGY LLC","AERA ENERGY LLC","VENTURA","93001","12","8","1168","","1400"
"2017","CO","Big Hole Plant","Wolverine Resources LLC","Wolverine Resources LLC","Moffat","81625","305","","","",""
"2017","CO","Buck Peak","Peakview  Oil","Custom Energy Construction, Inc.","Moffat","81625","","","","","4619"
"2017","CO","Centennial Gas Plant","Sterling Energy Investments, LLC","Sterling Energy Investments, LLC","Weld","80611","20","11","1393","","5714"
"2017","CO","Cutthroat B","QEP Energy Co","QEP Energy Co","Montezuma","81331","0.84","0.07","1256","0","1429"
"2017","CO","Dragon Trail Gas Processing Facility","Utah Gas Op Ltd","Utah Gas Corp","Rio Blanco","81648","60","55","","","6400"
"2017","CO","Eaton Plant","DCP Operating Company, LP","DCP Operating Company, LP","Weld","80631","11","10","1175","","1140"
"2017","CO","Ft. Lupton Plant","Kerr McGee Gathering LLC","Kerr McGee Gathering LLC","Weld","80621-9421","160","148","1311","","7850"
"2017","CO","GILCREST PLANT","AKA ENERGY","AKA ENERGY GROUP","WELD","80651","23","22","1257","","1857"
"2017","CO","Greeley Plant","DCP Operating Company, LP","DCP Operating Company, LP","Weld","80620","27","25","1175","","17150"
"2017","CO","Hay Canyon Treatment Facility","Caerus Piceance LLC","","Garfield","81524","20","3","1070","","1428"
"2017","CO","Hereford Ranch Plant","Summit Midstream Partners, LLC","Meadowlark Midstream Company, LLC","Weld","80729","20","13","1250","","329"
"2017","CO","Ignacio Gas Plant","Williams","Williams Midstream Srvcs., LLC","LaPlata","81303","595","407","1099","","38850"
"2017","CO","Keota Gas Plant","Noble Energy","Noble Midstream Services","Weld","80611","30","30","1450","","2857"
"2017","CO","La Veta Gas Plant","Tabula Rasa Energy LLC","Tabula Rasa Energy LLC","Huerfano","81055","20","4","285","","2142"
"2017","CO","Ladder Creek","DCP Operating Company, LP","DCP Operating Company, LP","Cheyenne","80810","55","15","750","","600"
"2017","CO","Lancaster Plant","Western Gas Partners LLC","Anadarko Petroleum","Weld","80621-9421","660","653","1311","","5700"
"2017","CO","Lilli Gas Processing Facility","Noble Energy","Noble Midstream Services","Weld","80742","18","18","1400","","2572"
"2017","CO","Lucerne","DCP Operating Company, LP","DCP Operating Company, LP","Weld","80631","36","36","1175","","3272"
"2017","CO","Lucerne II","DCP Operating Company, LP","DCP Operating Company, LP","Weld","80631","225","225","1175","",""
"2017","CO","Meeker Gas Plant","Enterprise Gas Processing, LLC","Enterprise Gas Processing, LLC","Rio Blanco","81650","1800","955","1080","",""
"2017","CO","Mewbourne","DCP Operating Company, LP","DCP Operating Company, LP","Weld","80651","143","143","1175","","120000"
"2017","CO","Mount Pearl Gas Plant","","Citation Oil & Gas Corp.","Cheyenne","80825","1","1","1227","","1429"
"2017","CO","O`Connor","DCP Operating Company, LP","DCP Operating Company, LP","Weld","80644","155","153","1300","","2300"
"2017","CO","Parachute Creek Gas Plants","Williams","Williams","Garfield","81635","1000","545","1073","","16000"
"2017","CO","Plateau Creek Plant","Caerus Piceance LLC","","Mesa","81643","1","1","1075","","300"
"2017","CO","Platte Valley Gas Plant","Western Gas Partners, LP","Western Gas Partners, LP","Weld","80621","105","100","1283","","15000"
"2017","CO","Platteville","DCP Operating Company, LP","DCP Operating Company, LP","Weld","80651","70","60","1270","","3600"
"2017","CO","Premier DeBeque","Red Rock Gathernig Company, LLC","Red Rock Gathering Company, LLC","Mesa County","81505","28","20","1047","","1429"
"2017","CO","REDTAIL GAS PLANT","WHITING OIL AND GAS CORPORATION","WHITING OIL AND GAS CORPORATION","WELD","80742","70","17","1320","","7620"
"2017","CO","Rifle Gas Plant-Rifle Creek","Xcel Energy","Xcel Energy","Garfield","81650","50","25","1070","","2857"
"2017","CO","Roggen","DCP Operating Company, LP","DCP Operating Company, LP","Weld","80652","75","65","1300","","5950"
"2017","CO","Skull Creek Dew Point","Dominion Energy Questar Pipeline","Dominion Energy Questar Pipeline","Moffat","81625","45","20","1108","","1428"
"2017","CO","Spindle","DCP Operating Company, LP","DCP Operating Company, LP","Weld","80621","39","39","1275","","7270"
"2017","CO","WATTENBERG GAS PLANT","ANADARKO PETROLEUM COMPANY","","ADAMS","80019","250","183","1259","","9500"
"2017","CO","Wiggins Gas Processing Plant","","Western Operating Company","Morgan","80701","3","0.05","1400","0","762"
"2017","CO","Willow Creek","Williams","Williams Midstream Services, LLC","Rio Blanco","81650","495","471","","",""
"2017","CO","Wilson Creek Gas Plant","Chevron","Chevron","Rio blanco","81641","1","1","1545","","2926"
"2017","CO","Yenter Gas Plant","Sterling Energy Investments, LLC","Sterling Energy Investments, LLC","Logan","80751","11","1","1396","","5394"
"2017","IL","Aux Sable Liquid Products","Enbridge","","Grundy","60450","2100","1633","1131","","200000"
"2017","IL","Salem Gas Plant","","Citation Oil & Gas Corp.","Marion","62881","1.5","0.85","","","1500"
"2017","KS","Cheney Natural Gas Processing","ONEOK","ONEOK","Kingman","67025","85","30","1045","",""
"2017","KS","Jayhawk Gas Plant","Linn Energy","Linn Energy","Grant","67880","450","250","1000","",""
"2017","KS","Kingman Gas Plant","Durango Midstream","","KINGMAN","67025","26","21","","","380"
"2017","KS","National Helium Plant","DCP Operating Company, LP","DCP Operating Company, LP","Seward","67901-2079","620","340","1080","","4000"
"2017","KS","Reno Plant","Superior Pipeline Company LLC","Superior Pipeline Company LLC","Reno","67583","8","2","1370","0","800"
"2017","KS","Spivey","Atlas KS Energy LLC","Pioneer Exploration, LLC","Harper","67058-8432","22","8","1190","","7620"
"2017","KY","Boldman","Markwest Energy Partners lp","Markwest Energy Partners lp","Pike","41501-7067","70","32","1308","","2857"
"2017","KY","Langley Processing Plant","Markwest Energy Partners, L.P.","Markwest Energy Partners, L.P.","Floyd","41645","295","118","1290","","4897"
"2017","LA","Barracuda Gas Plant","Targa Resources","Targa Resources","Cameron","70631","200","81","1059","","98"
"2017","LA","Big Lake Gas Plant","Targa Midstream Services LLC","Targa Midstream Services LLC","Calcasieu","70605","200","8","1067","",""
"2017","LA","Burns Point Gas Plant","Enterprise Gas Processing LLC","Enterprise Gas Processing, LLC","St. Mary","70538","120","60","1070","","500"
"2017","LA","Capiana Plant","Enable Midstream Partners","Enable Midstream Partners","Caddo","71115","25","15","1050","","715"
"2017","LA","Chipola Field Gas Plant","Bridwell Oil Management, LLC","Bridwell Oil Management, LLC","Saint Helena"," ","1","1","1200","","700"
"2017","LA","Cotton Valley Gas Plant","XTO Energy, Inc.","XTO Energy, Inc.","Webster","71018","90","35","","","18000"
"2017","LA","Desoto Gas Plant","","Vernon E. Faulconer, Inc.","Desoto","","1.007","0.775","1040","","714"
"2017","LA","Dubach Gas Plant","ETC Field Services LLC","ETC Field Services LLC","Lincoln","71235","165","150","1133","","3400"
"2017","LA","Dubberly Plant","ETC Field Services LLC","ETC Field Services LLC","Webster","71024","380","135","1120","","4129"
"2017","LA","ELBA MINI PLANT","JP OIL COMPANY, LLC","JP OIL COMPANY, LLC","ST. LANDRY","71533","3","2","","","952"
"2017","LA","Elm Grove Plant","ETC Field Services LLC","ETC Field Services LLC","Bossier","71037","200","155","1070","","2700"
"2017","LA","Eunice Plant","","Enlink Processing, LLC","Acadia Parish","70535","500","340","1036","","66577"
"2017","LA","Gibson Plant","","Enlink LIG Liquids, LLC","Terrabone Parish","70356","110","84","1082","",""
"2017","LA","Gillis Gas Plant","Targa Field Services LLC","Targa Field Services LLC","Calcasieu","70615","180","164","1113","","11280"
"2017","LA","Grand Cheniere","Kinetica Partners, LLC","Kinetica Partners, LLC","Cameron","70643","130","26.082","1079","0","0"
"2017","LA","Gravel Point","Aethon United Pipeline LP","Aethon Energy Operating LLC","DeSoto","71027","0","0","","",""
"2017","LA","Indian Village Plant","JP OIL COMPANY, LLC","JP OIL COMPANY, LLC","ALLEN","70658","3","2","","","714"
"2017","LA","Kaplan Plant","PSI Midstream Partners, LP","PSI Midstream Partners, LP","Vermilion","70510","200","120","1100","","1000"
"2017","LA","Krotz Springs Gas Plant","JP OIL COMPANY, LLC","JP OIL COMPANY, LLC","ST. LANDRY","70750","5","1","","","1143"
"2017","LA","Lake LaRose Gas Plant","Whiskey Bay Gathering Company","Whiskey Bay Gathering Company","St. Martin Parish","70517","5","1","1118","","150"
"2017","LA","Larose Processing Plant","Discovery Producer Services","Williams Energy LLC","Lafourche","70373","600","280","1175","","100"
"2017","LA","Lincoln Parish Plant","ETC PennTex LLC","","Lincoln","71001","200","150","1082","","8500"
"2017","LA","Lowry Gas Plant","Targa Resources","Targa Resources","Cameron","70549","220","1","1065","",""
"2017","LA","Minden Gas Plant","ETC Field Services LLC","ETC Field Services LLC","Webster","71055","115","59","1140","","235"
"2017","LA","Mt. Olive Plant","ETC PennTex LLC","","Lincoln","71270","200","150","1082","","8500"
"2017","LA","Neale","Texas Petroleum Investment Company","","Beauregard","70653","5","3","1072","","1143"
"2017","LA","Neptune Gas Plant","Enterprise Gas Processing LLC","Enterprise Gas Processing LLC","St. Mary","70522","650","536","1153","",""
"2017","LA","North Terrebonne Plant","Enterprise Gas Processing LLC","Enterprise Gas Processing LLC","Terrebonne","70356","1100","650","1100","","2000"
"2017","LA","Patterson II Plant","Plains Gas Solutions, LLC","Plains Gas Solutions, LLC","St. Mary","70392","170","134","1097","","150"
"2017","LA","Pelican Plant","","Enlink Pelican Plant, LLC","St. Mary","70392","600","236","1090","",""
"2017","LA","Plaquemine Plant","Enlink Midstream","EnLink LIG Liquids, LLC","Iberville Parish","70764","225","162","1052","","11905"
"2017","LA","Sea Robin Gas Processing Plant","Enterprise Gas Processing, LLC","Enterprise Gas Processing, LLC","Vermillion","70533","660","100","1080","","350"
"2017","LA","Sligo Processing Facility","Enable Midstream Partners","Enable Midstream Partners","Bossier","71037","230","140","1100","","7857"
"2017","LA","Toca Gas Plant","Enterprise Gas Processing LLC","Enterprise Gas Processing LLC","St. Bernard","70085","1100","150","1096","",""
"2017","LA","VIVIAN GAS PROCESSING","CARUTHERS PRODUCING CO, INC","CARUTHERS PRODUCING CO, INC","CADDO","","1","1","","","714"
"2017","LA","Venice Gas Plant","Targa Resources, LLC","Targa Resources, LLC","Plaquemines","70091","750","450","1180","",""
"2017","MI","Aztec Manistee","Aztec Producing Company","Aztec Producing Company","Manistee","49660","5","","1340","","1429"
"2017","MI","Beaver Creek","Breitburn Operating, L.P.","Breitburn Operating, L.P.","Crawford","49738","2","2","","","714"
"2017","MI","Fraser 8","Breitburn Operating, L.P.","Breitburn Operating, L.P.","Bay","48650","2","2","","",""
"2017","MI","Goose Lake Gas Plant","Dart Oil & Gas Corporation","Dart Oil & Gas Corp","Osceola","49655","2","","1134","","607"
"2017","MI","Kalkaska Gas Processing","MERIT ENERGY COMPANY","","Kalkaska","49680","75","32","1099","0","42000"
"2017","MI","Marion Gas Plant","Dart Oil & Gas Corporation","Dart Oil & Gas Corp","Osecola","49665","3","1","1194","","607"
"2017","MI","Mentor NGL plant","Merit Energy Company (100%)","Merit Energy Company","Oscoda","48654","10","1","1130","","715"
"2017","MI","Monitor 11","Breitburn Operating, L.P.","Breitburn Operating, L.P.","Bay","48706","0","0","","","1332"
"2017","MI","Sherman 35","Breitburn Operating, L.P.","Breitburn Operating, L.P.","Osceola","49655","2","2","","","714"
"2017","MS","Pascagoula Gas Processing Plant","Enterprise Gas Processing LLC","Enterprise Gas Processing LLC","Jackson","39567","750","400","1200","0","1340"
"2017","MT","Aloe Ventures","LAMARSA CORP","LAMARSA CORP","Toole","59474-0766","600","600","1000","0","0"
"2017","MT","Baker Natural Gas Processing Plant","ONEOK","ONEOK","Fallon","59313","6","2","1500","","3200"
"2017","MT","Bakken Gas Plant","Hiland Partners Holdings  LLC","Kinder Morgan","Richland","59270","25","22","1421","","7386"
"2017","MT","Cut Bank NGL Plant","Omimiex, LTD","Northwestern Energy","Glacier","59427","20","4","1139","","9000"
"2017","MT","DRY CREEK PLANT","SAGA PETROLEUM, LLC","SAGA PETROLEUM, LLC","CARBON","59014","4","1","1190","","1400"
"2017","ND","Aux Sable Midstream, LLC","Enbridge","","Mountrail","58769","80","56","1492","","6429"
"2017","ND","Badlands Gas Plant","Hiland Partners Holdings LLC","Kinder Morgan","Bowman","58651-9789","52","19","283","","6667"
"2017","ND","Bear Creek Natural Gas Processing Plant","ONEOK","ONEOK","Dunn","58640","80","65","1400","",""
"2017","ND","Belfield Gas Plant","Andeavor Field Services LLC","Andeavor Field Services LLC","Stark","58622","40","20","1556","","16600"
"2017","ND","County Line Plant","Liberty Midstream Solutions, LLC","Liberty Midstream Solutions, LLC","Williams","58852","25","11","1475","","6500"
"2017","ND","Garden Creek Natural Gas Processing Plant","ONEOK","ONEOK","McKenzie","58854","300","300","1450","","28100"
"2017","ND","Grasslands Natural Gas Processing Plant","ONEOK","ONEOK","McKenzie","58831","85","68","1340","","31738"
"2017","ND","Hay Butte","Caliber North Dakota LLC","Caliber North Dakota LLC","McKenzie","58831","10","4.969","1170","","5000"
"2017","ND","Lignite Natural Gas Processing Plant","ONEOK","ONEOK","Burke","58752","10","7","1293","","8571"
"2017","ND","Little Knife Gas Plant","Petro Hunt LLC","Petro Hunt LLC","Billings","58640","25","17","1400","","12530"
"2017","ND","Lonesome Creek Natural Gas Processing Plant","ONEOK","ONEOK","McKenzie","58831","200","173","1405","","8571"
"2017","ND","Nesson Plant","Nesson Gathering System LLC","Nesson Gathering System LLC","Williams","58852","35","26.397","1340","","10119"
"2017","ND","Norse Gas Plant","Kinder Morgan","Kinder Morgan","Divide","58755","25","22","1437","","6123"
"2017","ND","Red Wing Creek Gas Plant II","True Oil LLC","True Oil LLC","McKenzie","58835","12","4","1475","","9143"
"2017","ND","Robinson Lake Gas Plant","Andeavor Field Services LLC","Andeavor Field Services LLC","Mountrail","58673","140","97","1550","","29050"
"2017","ND","SpringBrook Gas Plant","1804 LTD","1804 LTD","Williams","58801","","","","",""
"2017","ND","Stateline Natural Gas Processing Plant","ONEOK","ONEOK","Williams","58801","220","167","1424","","17358"
"2017","ND","Watford City Gas Plant","Hiland Partners Holdings  LLC","Kinder Morgan","McKenzie","58831","85","57","1445","","61429"
"2017","ND","Wild Basin","Oasis Petroleum","Oasis Midstream Partners","McKenzie","58854","79","79","1500","","17143"
"2017","NM","Artesia","DCP Midstream","DCP Midstream","Eddy","88210","90","80","1200","0","2573"
"2017","NM","Buckeye CO2 Plant","Chevron USA, Inc.","Chevron","Lea","88260","55","53","230","","700"
"2017","NM","CCI San Juan LLC","Castleton Commodities International, LLC","","San Juan","87417","30","23","1039","",""
"2017","NM","Carlsbad Chaparral Gas Plant","Enterprise Field Services, LLC","Enterprise Field Services LLC","Eddy","88220","40","23","1150","",""
"2017","NM","Chaco Gas Plant","Enterprise Field Services LLC","Enterprise Products Operating LLC","San Juan","87413","600","338","1185","","12113"
"2017","NM","DENTON GS PLANT","DAVIS GAS PROCESSING INC","DAVIS GAS PROCESSING INC","LEA","88260","20","2","1427","","750"
"2017","NM","Dagger Draw","AGAVE ENERGY COMPANY","AGAVE ENERGY COMPANY","Eddy","88210","50","35","1150","",""
"2017","NM","East Vacuum Liquid Recovery Plant","ConocoPhillips","ConocoPhillips","Lea","88260","45","24","1027","","1355"
"2017","NM","Eunice","DCP Operating Company, LP","DCP Operating Company, LP","Lea","88240","105","95","1250","","4000"
"2017","NM","Hobbs Cryogenics Plant","DCP Operating Company, LP","DCP Operating Company, LP","Lea","88240","42","20","1125","","80"
"2017","NM","Indian Basin Gas Plant","OXY USA WTP LP","Oxy Permian Resources - Delaware Basin","Eddy","88254","300","64","1260","0","5000"
"2017","NM","Jal #3 Plant","ETC Field Services LLC","ETC Field Services LLC","Lea","88252","110","95","","","6680"
"2017","NM","Kutz Gas Plant","Williams","Williams Midstream Services, LLC","San Juan","87413","230","114","1152","","4285"
"2017","NM","Linam Ranch","DCP Operating Company, LP","DCP Operating Company, LP","Lea","88240","225","164","1241","","1400"
"2017","NM","Maljamar Gas Plant","AKA - FRONTIER FIELD SERVICES","FRONTIER FIELD SERVICES","LEA","88264","150","85","1200","","1143"
"2017","NM","Monument Plant","Targa Midstream Services LLC","Targa Midstream Services LLC","Lea","88265","85","81","1265","","5357"
"2017","NM","Pecos Diamond","DCP Operating Company, LP","DCP Operating Company, LP","Eddy","88210","40","","","",""
"2017","NM","Red Hills","Lucid Energy Delaware, LLC","","Lea","88252","275","130","1150","",""
"2017","NM","San Juan Gas Plant","Hilcorp San Juan, LLC.","Harvest Pipeline Company","San Juan","87413","550","372","1152","","4000"
"2017","NM","Saunders Plant","Targa Midstream Services, LLC","Targa Midstream Services, LLC","Lea","88260","70","38","1220","","2286"
"2017","NM","South Carlsbad Dew Point Plant","Enterprise Field Services LLC","Enterprise Products Operating LLC","Eddy","88256","200","50","1060","","1200"
"2017","NM","South Eddy Cryo Plant","Enterprise Field Services LLC","Enterprise Products Operating LLC","Eddy","88263","200","200","1246","",""
"2017","NM","Targa Midstream Services LLC","","Targa Midstream Services, LLC","Lea","88231-1909","115","100","1029","","713"
"2017","NM","Zia II Plant","DCP Operating Company, LP","DCP Operating Company, LP","Lea","88240","220","180","1120","","3950"
"2017","OH","Berne Natural Gas Processing Plant","Blue Racer Midstream, LLC","Blue Racer Midstream, LLC","Monroe","43754","440","244","1252","","2600"
"2017","OH","Cadiz Plant","MarkWest Liberty Midstream & Resource","MarkWest Liberty Midstream & Resource","Harrison","43907","525","509","1184","",""
"2017","OH","Hickory Bend","Columbia Pennant, LLC","TransCanada/Columbia Midstream","Mahoning","44442","200","95","1242","1","4500"
"2017","OH","Kensington","Utica East Ohio Midstream LLC","Utica East Ohio Midstream LLC","Columbiana","77002","750","501","1240","","9200"
"2017","OH","Leesville","Utica East Ohio Midstream LLC","Utica East Ohio Midstream LLC","Carroll","44621","250","6","1268","","3500"
"2017","OK","Amber Gas Plant","","","GRADY","73004-5511","21","6","1350","","380"
"2017","OK","Antelope Hills Natural Gas Processing","ONEOK","ONEOK","Roger Mills","73638","50","48","1175","","650"
"2017","OK","Arapaho Plants 1-2-3","MarkWest Oklahoma Gas Company LLC","MarkWest Oklahoma Gas Company LLC","Custer","73625-5021","225","210","1220","",""
"2017","OK","BRADLEY","ENABLE PRODUCTS LLC","ENABLE PRODUCTS LLC","GRADY","73011","400","342","1229","",""
"2017","OK","Battle Ridge Plant","EnLink Midstream Services, LLC","EnLink Midstream Services, LLC","Nacogdoches","74023","95","50","1200","","802"
"2017","OK","Beaver Gas Processing","ETC Field Services LLC","ETC Field Services LLC","Beaver","73932","95","68","1200","","2715"
"2017","OK","Bellmon Plant","Superior Pipeline Company LLC","Superior Pipeline Company LLC","Kay","74653","90","27","1190","","700"
"2017","OK","Binger","Mustang Ventures Company","Mustang Gas Products, LLC","Caddo","73009","15","8","1225","",""
"2017","OK","Binger Operations LLC","Legacy Reserves","Binger Operations LLC","Caddo","73009","15","13","","","83"
"2017","OK","Buffalo Creek","MarkWest Oklahoma Gas Company LLC","MarkWest Oklahoma Gas Company LLC","Roger Mills","73662","200","165","1220","",""
"2017","OK","CALUMET","ENABLE PRODUCTS LLC","ENABLE PRODUCTS LLC","CANADIAN","73014","250","89","1116","","5952"
"2017","OK","CANUTE","ENABLE PRODUCTS LLC","ENABLE PRODUCTS LLC","WASHITA","73626","60","32","1128","",""
"2017","OK","CLINTON","ENABLE PRODUCTS LLC","ENABLE PRODUCTS LLC","CUSTER","73601","120","117","1197","",""
"2017","OK","COX CITY","ENABLE PRODUCTS LLC","ENABLE PRODUCTS LLC","GRADY","73082","180","127","1172","","3333"
"2017","OK","Camrick Gas Plant","CAMRICK GAS PROCESSING COMPANY, LLC","CARRERA OPERATING COMPANY","BEAVER","73931","10","4","1140","","500"
"2017","OK","Cana Plant","","Enlink Midstream Services, LLC","Canadian","73014","420","371","1189","","6095"
"2017","OK","Canadian Valley Natural Gas Processing","ONEOK","ONEOK","Canadian","73014","250","249","1230","1","500"
"2017","OK","Carmen Gas Processing Plant","Tall Oak Midcon, LLC","Tall Oak Midcon, LLC","Alfalfa","73726","60","29","1185","","715"
"2017","OK","Cashion Plant","Superior Pipeline Company LLC","Superior Pipeline Company LLC","Logan","73016","45","36.5","1300","0","700"
"2017","OK","Chaney Dell Plant","TPL MID-CONTINENT WESTOK, LLC","TPL MID-CONTINENT WESTOK, LLC","Major","73768","30","","1120","",""
"2017","OK","Chester Plant","Targa","Targa","Major","73838","30","","1102","",""
"2017","OK","Chisholm Plant","EnLink Midstream Services, LLC","EnLink Midstream Services, LLC","Kingfisher","73750","560","390","1250","","14156"
"2017","OK","Chitwood Plant","DCP Operating Company, LP","DCP Operating Company, LP","Grady","73067","90","70","1250","","4000"
"2017","OK","Cimarron Gas Plant","DCP Operating Company, LP","DCP Operating Company, LP","Woodward","73663","65","55","1100","","2388"
"2017","OK","Coalgate Plant","Enable Midstream Partners","Enable Midstream Partners","Coal","74538","13","4","1106","","714"
"2017","OK","Coalgate Stonewall Gas Plant","Targa Resources","Targa Resources","Coal","74538","280","258","1200","",""
"2017","OK","Crescent Plant","ETC Field Services LLC","ETC Field Services LLC","Logan","73028","40","36","1200","","1800"
"2017","OK","Custer Natural Gas Processing","ONEOK","ONEOK","Custer","73639","80","80","1120","","715"
"2017","OK","Dover-Hennessey Gas Plant","Mustang Ventures Company","Mustang Gas Products, LLC","Kingfisher","73742","80","42","1185","","1150"
"2017","OK","Dry Trail","Breitburn Operating LP","Breitburn Operating LP","Texas","73942","100","93","1007","","1710"
"2017","OK","Elmore City Gas Plant","Cimarex Energy Co.","","Garvin","73433-9163","26","11","1303","","106"
"2017","OK","Fox Plant","DCP Operating Company, LP","DCP Operating Company, LP","Carter","73438","24","18","1050","","1450"
"2017","OK","Glenpool (Creek) Plant","Kinder Morgan (Scissortail Energy LLC)","Kinder Morgan (Scissortail Energy LLC)","Jenks","74033","25","4","1146","","1500"
"2017","OK","Harrah Plant","Kinder Morgan (Scissortail Energy LLC)","Kinder Morgan (Scissortail Energy LLC)","Lincoln","73045","40","32","1250","","29525"
"2017","OK","Hopeton","SenGas, LP","SemGas, LP","Woods","73731","140","80","1158","",""
"2017","OK","Kingfisher","DCP Operating Company, LP","DCP Operating Company, LP","Kingfisher","73016","170","115","1200","","3600"
"2017","OK","Kingfisher Midstream, LLC","Alta Mesa Holdings, LP","Kingfisher Midstream, LLC","Kingfisher","73734-3513","60","54","1244","",""
"2017","OK","Leedey Natural Gas Processing","ONEOK","ONEOK","Roger Mills","73654-9311","50","20","1180","","2857"
"2017","OK","MADILL GAS PLANT","MADILL GAS PROCESSING COMPANY, LLC","CARRERA OPERATING COMPANY","MARSHALL","73446","50","40","1200","","3800"
"2017","OK","MCCLURE","ENABLE PRODUCTS LLC","ENABLE PRODUCTS LLC","CUSTER","73625","215","200","1111","","2620"
"2017","OK","Matli Plant","Kinder Morgan","Kinder Morgan","Blaine","73772","25","5","1140","","914"
"2017","OK","Maysville Natural Gas Processing","ONEOK","ONEOK","Garvin","73057-0846","140","138","1313","","8600"
"2017","OK","Mehan Gas Plant","Tag Petroleum Inc","Tag Petroleum Inc","Payne","74076-1389","1.5","0.65","1250","0","714"
"2017","OK","Milfay Plant","Kinder Morgan (Scissortail Energy LLC)","Kinder Morgan (Scissortail Energy LLC)","Creek","74079","15","6","1169","","950"
"2017","OK","Minco Plant","Superior Pipeline Company LLC","Superior Pipeline Company LLC","Grady","73089","18","6.7","1190","0","700"
"2017","OK","Mocane Station","ETC Field Services LLC","ETC Field Services LLC","Beaver","73932","55","29","1200","","714"
"2017","OK","Mooreland Plant","DCP Operating Company, LP","DCP Operating Company, LP","Woodward","73852","130","80","1180","","4117"
"2017","OK","Mustang","DCP Operating Company, LP","DCP Operating Company, LP","Grady","73089","34","25","1160","","1100"
"2017","OK","Nash","SemGas, LP","SemGas, LP","Grant","73761-5073","40","","","",""
"2017","OK","Nine Mile Gas Plant","Enbridge G&P (Oklahoma), L.P.","Enbridge G&P (Oklahoma), L.P.","Dewey","73654-9712","30","30","1143","",""
"2017","OK","Northridge Plant","","Enlink Midstream Services, LLC","Hughes","74531","200","56","1134","","5714"
"2017","OK","Okarche","DCP Operating Company, LP","DCP Operating Company, LP","Kingfisher","73762-9628","165","150","1165","","3095"
"2017","OK","Osage Hills Gas Plant","OSAGE HILLS PIPELINE COMPANY, LLC","ALEX GAS SYSTEMS","OSAGE","74002","5","3","","","500"
"2017","OK","Paden Plant","Kinder Morgan (Scissortail Energy LLC)","Kinder Morgan (Scissortail Energy LLC)","Okfuskee","74860","90","50","1235","","1550"
"2017","OK","Panther Creek Natural Gas Processing","ONEOK","ONEOK","Custer","73626","75","75","1120","","875"
"2017","OK","Perkins Plant","Superior Pipeline Company LLC","Superior Pipeline Company LLC","Payne","74059","30","3.5","1280","0","700"
"2017","OK","Rodman","Mustang Ventures Company","Mustang Gas Products, LLC","Garfield","73773","80","68","1200","","580"
"2017","OK","Roger Mills","Enable Midstream","Enable Midstream","RogerMills","73628","100","30","1065","0","1200"
"2017","OK","Rose Valley","SemGas, LP","SemGas, LP","Woods","73717-5073","400","250","1130","",""
"2017","OK","Sholem Alechem","DCP Operating Company, LP","DCP Operating Company, LP","Stephens-Carter","73533","60","55","1235","","5950"
"2017","OK","South Canadian","ENABLE PRODUCTS LLC","ENABLE PRODUCTS LLC","Canadian","73014","200","200","1152","",""
"2017","OK","Stephens Natural Gas Processing","ONEOK","ONEOK","Stephens","73491","30","27","1145","","500"
"2017","OK","Sweetwater Plant","Enbridge G&P (Oklahoma), L.P.","Enbridge G&P (Oklahoma), L.P.","Beckham","73662","125","65","1143","",""
"2017","OK","Tecumseh Gas Plant","Enerfin Resources Company","Enerfin Resources I LP","Pottatomie","74873","20","10","1310","","1400"
"2017","OK","Thomas","ENABLE PRODUCTS LLC","ENABLE PRODUCTS LLC","CUSTER","73669","150","93","1051","",""
"2017","OK","Tupelo Gas Plant","Targa Resources","Targa Resources","Coal","74538","125","122","1223","",""
"2017","OK","Velma Gas Plant","Targa Pipeline Mid-Continent LLC","Targa Pipeline Mid-Continent LLC","Stephens","73491","160","151","1210","","4500"
"2017","OK","Waynoka Plant","TPL MID-CONTINENT WESTOK, LLC","TPL MID-CONTINENT WESTOK, LLC","Woods","73717","430","340","1130","",""
"2017","OK","Wetumka","ENABLE PRODUCTS LLC","ENABLE PRODUCTS LLC","HUGHES","74883","60","36","1190","","2857"
"2017","OK","Woodward Natural Gas Processing","ONEOK","ONEOK","Woodward","73802","70","65","1150","","65500"
"2017","PA","GRUNDER RUN PLANT","KCS ENERGY, INC.","KCS ENERGY, INC.","WARREN","16365","2","1","1360","","1428"
"2017","PA","Houston Plant","MarkWest Liberty Midstream & Resources","MarkWest Liberty Midstream & Resources","Washington","15301","520","495","1269","",""
"2017","PA","Kane Gas Plant","Kane GPP LP","Elkhorn Gas Processing","McKean","16735","12","5","1293","","3035"
"2017","PA","Keystone Gas Plant","Elkhorn Holdings","Elkhorn Gas Processing","Warren","16735","10","3","1293","","2064"
"2017","PA","Keystone Plant","MarkWest Liberty Midstream & Resource","MarkWest Liberty Midstream & Resource","Butler","16033","410","117","1219","","55571"
"2017","PA","LAFAYETTE","MSL OIL & GAS CORP.","","MCKEAN","16738","2","2","1360","","700"
"2017","PA","Lewis Run Gas Plant","Elkhorn Investments LLC","Elkhorn Gas Processing","McKean","16701","5","","","","1821"
"2017","PA","Penn Cryo Gas Plant","Mountain Gathering, LLC","Mountain Gathering, LLC","Butler","16053","144","140","1180","","5733"
"2017","PA","Roystone Gas Plant","Elkhorn Holdings LLC","Elkhorn Gas Processing","Warren","16347","9","6","1251","","3036"
"2017","PA","Whitetail Gas Plant","Elkhorn Investments, LLC","Elkhorn Gas Processing","Elk","16735","6","2","1150","","1214"
"2017","TN","Rogersville Cryogenic Plant","Continuum Midstream, LLC","Continuum Midstream, LLC","Hawkins","37857","25","12","1225","","2857"
"2017","TX","Ajax Plant","Enbridge Pipelines (Texas Gathering), L.P.","Enbridge Pipelines (Texas Gathering) L.P.","Wheeler","79096","150","150","1192","",""
"2017","TX","Alamo","La Grange Acquisition LP","Energy Transfer Company","Houston","75835","200","125","1140","",""
"2017","TX","Allison Gas Plant","Enbridge Pipelines (Texas Gathering) L.P.","","Wheeler","79003","150","90","1169","",""
"2017","TX","Antelope Hills Plant","ETC Field Services LLC","ETC Field Services LLC","Hemphill","79014","135","79","1287","","864"
"2017","TX","Armstrong Plant","Enterprise Hydrocarbons LP","Enterprise Products Operating LLC","Eddy","88256","200","50","1060","","1200"
"2017","TX","Arrowhead Plant","ETC Texas Pipeline, Ltd.","ETC Texas Pipeline, Ltd.","Reeves","79730","220","196","1258","","1850"
"2017","TX","Austin Giddings","DCP Operating Company, LP","DCP Operating Company, LP","Fayette","78945","95","90","1218","","7238"
"2017","TX","Azle Plant","","Enlink Texas Processing, LP","PARKER","76020","50","","","","1373"
"2017","TX","BENEDUM COMPLEX","WTG GAS PROCESSING LP","WTG SOUTH PERMIAN MIDSTREAM LLC","UPTON","79755","360","242","1278","","750"
"2017","TX","Bearkat Plant","","Coronado Midstream LLC","Glasscock","79739","60","40","1250","","4213"
"2017","TX","Beckville Plant","Enbridge G & P (East Texas) L.P.","Enbridge G & P (East Texas) L.P.","Panola","75631","150","119","1073","","2700"
"2017","TX","Big Lake Plant","Lucid Energy WesTex, LLC","","Reagan","76932","200","140","1150","",""
"2017","TX","Bone Springs Gas Processing Plant","Ranch Westex JV LLC","Energy Transfer Company","Ward","79719","120","102","1250","","5700"
"2017","TX","Brasada Gas Plant","Western Gas Partners","Anadarko Petroleum Corporation","LaSalle","78014","230","230","1300","",""
"2017","TX","Bridgeport Plant","","Enlink Midstream Services, LLC","Wise","76426","800","515","1170","","48415"
"2017","TX","Bridwell River Ranch Gas Plant","Bridwell Oil Company","Bridwell Oil Company","Clay"," ","1","1","1200","","700"
"2017","TX","Brookeland Plant","ETC Field Services LLC","ETC Field Services LLC","Jasper","75931","95","70","1165","",""
"2017","TX","CEDAR HILL GAS PLANT","DAVIS GAS PROCESSING INC","DAVIS GAS PROCESSING INC","GARZA","79356","8","1","1265","","750"
"2017","TX","CGU Cordona Lake Plant","XTO Energy, Inc.","XTO Energy, Inc.","Crane","79731","10","4.57","610","","443"
"2017","TX","Cargray Plant","ETC Field Services LLC","ETC Field Services LLC","Carson","79097","30","15","1340","","19824"
"2017","TX","Chapel Hill Gas Plant","American Midstream","American Midstream","Smith","75792","25","13","1067","","4850"
"2017","TX","Chico Plant","Targa Midstream Services, LLC","Targa Midstream Services, LLC","Wise","76431","265","135","1214","","17383"
"2017","TX","Chisholm Plant","ETC Texas Pipeline Ltd.","Energy Transfer Company","Fayette","78945","120","70","1275","","1000"
"2017","TX","Cornell Mahoney Gas Plant","XTO Energy, INC","","Yoakum","79323","50","40","380","","2000"
"2017","TX","Cowtown/Corvette Plant","COWTOWN GAS PROCESSING PARTNERS LP","COWTOWN GAS PROCESSING PARTNERS LP","Hood","76033","300","125","1190","0","7857"
"2017","TX","Coyanosa","ETC Field Services LLC","ETC Field Services LLC","Pecos","79730","125","100","1175","","97000"
"2017","TX","Crane Gas Plant","Navitas Midstream Midland Basin, LLC","","Upton","79731","30","25","1355","",""
"2017","TX","Crossroads","DCP Operating Company, LP","DCP Operating Company, LP","Harrison","75672","60","","1025","",""
"2017","TX","Deadwood Plant","","Enlink Permian, LLC","Glasscock","79739","58","29","1365","","2330"
"2017","TX","Delmita Gas Plant","Enterprise Hydrocarbons Lp","Enterprise Products Operating LLC","Starr","78536","40","23","1150","",""
"2017","TX","Denver Unit CO2 Recovery Plant","OCCIDENTAL PERMIAN LTD 04","OXY","Yoakum","79323","290","279","229","","850"
"2017","TX","Dollarhide Gas Plant","Chevron Production Company","Chevron Production Company","Andrews","79714","56","56","","0","7000"
"2017","TX","EAST VEALMOOR GAS PLANT","WEST TEXAS GAS PROCESSING LP","WEST TEXAS GAS PROCESSING LP","HOWARD","79511","45","22","1267","","750"
"2017","TX","ELECTRA PLANT","LAYLINE NORTH TEXAS LLC","LAYLINE ENERGY I LLC","Wilbarger","76360","1","1","","","1429"
"2017","TX","ETC Kenedy Plant","ETC Texas Pipeline, Ltd.","Energy Transfer Company","Karnes","78118","410","370","1277","",""
"2017","TX","Eagle Plant","DCP Operating Company, LP","DCP Operating Company, LP","Jackson","77957","200","150","1275","","1238"
"2017","TX","East Texas","DCP Operating Company, LP","DCP Operating Company, LP","Panola","75631","720","400","1175","","185000"
"2017","TX","East Texas (Avinger)","Enbridge G & P (East Texas) L.P.","Enbridge G & P (East Texas) L.P.","Marion","75630","85","65","1080","","4000"
"2017","TX","East Toyah Gas Plant","EagleClaw Midstream Ventures, LLC","EagleClaw Midstream Ventures, LLC","Reeves","79772","440","300","1250","","4500"
"2017","TX","Enbridge G&P (North Texas) Springtown Plant","Enbridge","Enbridge","Parker","76082","","","","",""
"2017","TX","Enbridge G&P (North Texas) Weatherford Plant","Enbridge","Enbridge","Parker","76088","70","65","1257","","430"
"2017","TX","Fain Gas Plant","","","Potter","79058","50","35","1400","","3048"
"2017","TX","Fairplay-Duncan Gas Processing Plant","Enterprise Gathering LLC","Enterprise Gathering LLC","Rusk","75652","40","30","1097","","714"
"2017","TX","Fairway Gas Plant","Exxon","Vanguard Natural Resourses, Inc.","Henderson","75782","88","40","1086","","1083"
"2017","TX","Gilmore Natural Gas Plant","Enterprise Hydrocarbons L.P.","Enterprise Hydrocarbons L.P.","Hidalgo","78541","265","225","1140","","900"
"2017","TX","Godley gas Plant","Energy Transfer partners","Energy transfer partners","Johnson","76044","700","350","1280","","10000"
"2017","TX","Goforth Plant","","Enlink Texas Processing, LP","Parker","76126","30","20","1213","15","75"
"2017","TX","Goldsmith","DCP Operating Company, LP","DCP Operating Company, LP","Ector","79741","160","165","1325","","9000"
"2017","TX","Goliad Gas Plant","DCP Operating Company, LP","DCP Operating Company, LP","Goliad","78710","230","177","1277","",""
"2017","TX","Gomez Plant","ETC Field Services LLC","ETC Field Services LLC","Pecos","79735","84","80","950","",""
"2017","TX","Gordon","Enbridge G&P North Texas L.P","Enbridge G&P North Texas L.P","Palo Pinto","76453","40","35","1250","","3600"
"2017","TX","Gray County Plant","ETC Field Services LLC","ETC Field Services LLC","Gray","79065","20","15","1600","","4300"
"2017","TX","Grey Badger","Midstream Energy Services, LLC","Midstream Energy  Services, LLC","Carson","79068","25","8","1363","","2800"
"2017","TX","Gulf Plains Gas Plant","DCP Operating Company, LP","DCP Operating Company, LP","Nueces","78343","170","143","1200","","3475"
"2017","TX","HEMPHILL (C, D & E)","Superior Pipeline Corporation","Superior Pipeline Corporation","Hemphill","79014","275","195","","","800"
"2017","TX","Halley","ETC Field Services LLC","Energy Transfer Company","Winkler","79745","107","90","1129","","169"
"2017","TX","Hamlin","ETC Field Services LLC","ETC Field Services LLC","Fisher","79520","6","5","1380","","570"
"2017","TX","Hawkins Gas Plant","XTO Energy, Inc.","XTO Energy, Inc.","Wood","75765","180","159","351","","900"
"2017","TX","Hemphill Plant","ETC Field Services LLC","ETC Field Services LLC","Hemphill","79014","50","48","1254","","2143"
"2017","TX","Henderson","Enbridge G & P (East Texas) L.P.","Enbridge G & P (East Texas) L.P.","Rusk","75654","280","115","1090","","600"
"2017","TX","Hidetown Plant","Enbridge Pipelines (Texas Gathering) L.P.","Enbridge Pipelines (Texas Gathering) L.P.","Wheeler","79096","132","3","1121","","833"
"2017","TX","High Plains Plant","Targa Resources","","Midland","79706","200","171","1260","0","837"
"2017","TX","Hobart Cryo Plant","Enbridge Pipelines (Texas Gathering) L.P.","Enbridge Pipelines (Texas Gathering) L.P.","Hemphill","79014","35","","","","1000"
"2017","TX","Hobart Ranch Gas Plant","Enbridge Pipelines (Texas Gathering) L.P.","Enbridge Pipelines (Texas Gathering) L.P.","Hemphill","79014","125","0","","",""
"2017","TX","Houston Central Plant","Copano Processing LLC","Copano Processing LLC","Colorado","77475","1000","707","","","24608"
"2017","TX","Huckabay","Enbridge G&P North Texas L.P","Enbridge G&P North Texas  L.P","Erath","76401","20","19","1220","","1833"
"2017","TX","Huntsville Gas Plant","Copano Processing LLC","Copano Processing LLC","Walker","77320","15","5","1170","","4285"
"2017","TX","Indian Creek Gas Plant","Crestwood Panhandle Pipeline LLC","Crestwood Panhandle Pipeline LLC","Roberts","79065","36","23","1260","","1109"
"2017","TX","Indian Mound","Advance NGL, Inc.","Advance NGL, Inc.","Young","76450","1","1","","","1429"
"2017","TX","Indian Springs Gas Plant","TECO Gas Processing, LLC","Enterprise Products Operating LLC","Polk","77351","146","125","1160","","1068"
"2017","TX","JAMESON PLANT","WTG JAMESON LP","WEST TEXAS GAS PROCESSING LP","COKE","76949","60","58","1349","","750"
"2017","TX","Jackson Plant","ETC Texas Pipeline, Ltd.","Energy Transfer Company","Jackson","77962","800","690","1267","","10714"
"2017","TX","Joaquin Plant","Enable Midstream Partners","Enable Midstream Partners","Shelby","75954","40","5","1070","","1191"
"2017","TX","Kelton Gas Plant","KELTON GAS SERVICES LLC","DURANGO MIDSTREAM","WHEELER","79096","90","32","1200","","1200"
"2017","TX","Keystone","ETC Field Services LLC","ETC Field Services LLC","Winkler","79745","100","100","1200","0","500"
"2017","TX","King Ranch Gas Plant","ETC Texas Pipeline, Ltd.","ETC Texas Pipeline, Ltd.","Kleberg","78363","650","375","1170","","140000"
"2017","TX","Kripple Kreek Gas Plant","Pecan Pipeline Company","Pecan Pipeline Company","Montague","76230","160","75","1200","","7300"
"2017","TX","La Gloria","DCP Operating Company, LP","DCP Operating Company, LP","Jim Wells","78355","265","40","1130","","34120"
"2017","TX","La Grange Plant","ETC Texas Pipeline Ltd","Energy Transfer Company","Fayette","78945","200","110","1275","","1700"
"2017","TX","Lobo I Plant","","Delaware G&P LLC","Loving","","35","22","1220","",""
"2017","TX","Lobo II Plant","Delaware Processing LLC","Delaware Processing LLC","Loving","79754","135","110","1300","","700"
"2017","TX","Lone Camp","Enbridge G&P North Texas L.P","Enbridge G&P North Texas L.P","Palo Pinto","76453","40","30","1250","","714"
"2017","TX","Lone Star Plant","Southcross Energy GP LLC","FL Rich Gas Services, LP","Bee","78162","300","130","1278","0","760"
"2017","TX","Longhorn Gas Plant","Enerfin Resources Company","Enerfin Resources II-92 LP","Archer","76310","2","1","1333","0","950"
"2017","TX","Longhorn Gas Plant","Targa Gas Processing LLC","Targa Gas Processing LLC","Wise","76234","200","127","1157","0","0"
"2017","TX","Longview","Enbridge G & P (East Texas) L.P.","Enbridge G & P (East Texas) L.P.","Gregg","75603","125","110","1080","","1000"
"2017","TX","Longview Gas Plant","American Midstream","","Gregg","75604","50","16","1270","","7850"
"2017","TX","Loving Plant","Targa Delaware LLC","Targa Delaware LLC","Loving","79745","70","40","1210","","1400"
"2017","TX","MCLEAN PLANT","MCLEAN GAS PROCESSING COMPANY, LLY","CARRERA OPERATING COMPANY","GRAY","79057","25","9","1200","","300"
"2017","TX","MERCY GAS PLANT","FOREST OIL CORPORATION 100%","FOREST OIL CORPORATION","SAN JACINTO","","4","2","","","1000"
"2017","TX","Markham Gas Processing Plant","Williams Field Services-Gulf Coast Company LP","Williams Field Services-Gulf Coast Company LP","Matagorda","77456","550","225","1139","",""
"2017","TX","Markley Plant","","W. W. Sub, Inc.","Jack & Young","76459","1","1","","","500"
"2017","TX","McMullen","","Houston Pipeline Co.","McMullen","78072","5","4","1260","","760"
"2017","TX","Mertzon Plant","Targa Resources","","Irion","76941","52","49","1239","","7658"
"2017","TX","MiVida JV Processing Plant","ETC Field Services LLC","ETC Field Services LLC","Ward","79719","200","190","1280","","20000"
"2017","TX","Midkiff Plant","Targa Resources","Targa Pipeline MC WestTex LLC","Reagan","79755","230","220","1290","","833"
"2017","TX","Midmar East","","Coronado Midstream LLC","Martin","79783","100","65","1300","","2500"
"2017","TX","Midmar West","","Coronado Midstream LLC","Andrews","79714","65","41","1300","","640"
"2017","TX","New Hope","Enbridge G & P (East Texas) L.P.","Enbridge G & P (East Texas) L.P.","Franklin","75163","10","6","1054","","4000"
"2017","TX","Old Ocean Gas Plant","Arrowhead Pipeline L.P","Harvest Pipeline","Brazoria","77480","140","65","1100","","7500"
"2017","TX","Orla Plant","ETC Texas Pipeline, Ltd.","ETC Texas Pipeline, Ltd.","Reeves","79770","210","160","1220","","1350"
"2017","TX","Osborne Plant","Enbridge Pipelines (Texas Gathering) L.P.","Enbridge Pipelines (Texas Gathering) L.P.","Roberts","75059","25","","","","476"
"2017","TX","Ozona","Chevron","Chevron","Crockett","76943","32","9","1290","","648"
"2017","TX","Ozona Gas Processing Plant","DCP Operating Company, LP","DCP Operating Company, LP","Crockett","76943-1029","120","85","1160","","15833"
"2017","TX","Panhandle Superplant","DCP Operating Company, LP","DCP Operating Company, LP","Hutchinson County","79007","515","275","1217","0","31142"
"2017","TX","Panola","Enable Midstream Partners, LP","Enable Texola G&P, LLC","Panola","75633","100","75","1110","","1000"
"2017","TX","Panther Plant","La Grange Acquisition LP","Energy Transfer Company","Upton","79778","210","185","1326","",""
"2017","TX","Pecos Bend Gas Processing Plant","Caprock Midstream, LLC","Caprock Permian Processing, LLC","Reeves","79772","153","30","1386","","437"
"2017","TX","Pecos Gas Plant","EagleClaw Midstream Ventures, LLC","EagleClaw Midstream Ventures, LLC","Reeves","79772","250","120","1300","","2040"
"2017","TX","Pecos River Plant","Medallion Delaware Basin, LLC","Medallion Operating Company, LLC","Reeves","79770","30","19","1248","","4300"
"2017","TX","Pegasus Plant","DCP Operating Company, LP","DCP Midstream","Midland","79755","100","60","1287","","42"
"2017","TX","Ranger","","Ranger Gas Gathering, L.L.C.","Eastland","76470-0079","8.5","4.8","1380","","714"
"2017","TX","Raptor Gas Plant","Carnero Processing, LLC","Carnero Processing, LLC","La Salle","78014","260","136","1292","",""
"2017","TX","Rawhide","DCP Operating Company, LP","DCP Operating Company, LP","Sterling","79720","75","50","1090","0","630"
"2017","TX","Rebel Plant","La Grange Acquisition LP","Energy Transfer Company","Glasscock","79739","200","200","1300","",""
"2017","TX","Red Bluff Plant","ETC Field Services LLC","ETC Field Services LLC","Reeves","79770","220","180","1220","","1350"
"2017","TX","Reveille Cryogenic Plant","Howard Midstream Energy Partners, LLC","Texas Pipeline Processing, LLC","Webb","78045","200","75","1098","","715"
"2017","TX","Riptide Plant","","Coronado Midstream LLC","Martin","79749","100","85","1270","","6600"
"2017","TX","Roberts Ranch","DCP Operating Company, LP","DCP Operating Company, LP","Midland","79766","70","70","1100","","362"
"2017","TX","Rosewood Plant","ETC Field Services LLC","ETC Field Services LLC","Upshur","75644","12","4","1103","","467"
"2017","TX","Rothermel","LINN ENERGY LLC","","LIMESTONE","76642","15","15","1080","","714"
"2017","TX","SALE RANCH GAS PLANT","WEST TEXAS GAS PROCESSING LP","WEST TEXAS GAS PROCESSING LP","MARTIN","79782","250","210","1247","","750"
"2017","TX","SHACKELFORD PLANT","DGP TAURUS GP HOLDING LLC","DAVIS GAS PROCESSING INC","EASTLAND","76437","15","7","1262","","750"
"2017","TX","Saint Jo Processing Plant","Kinder Morgan - Copano Field Services/North Texas, LLC","","Montague","76251","110","73","1082","",""
"2017","TX","Salt Creek Processing Plant","Occidental Permian Ltd","Occidental Permian Ltd","Kent","79550","165","160","1170","","1300"
"2017","TX","San Martin Natural Gas Plant","Enterprise Hydrocarbons L.P.","Enterprise Hydrocarbons L.P.","Bexar","78112-9771","200","145","1251","",""
"2017","TX","Seminole Gas Processing Plant","Oxy USA INC","Oxy USA INC","Gaines","79360","285","275","","","10000"
"2017","TX","Shackelford Plant","Targa Midstream Services, LLC","Targa Midstream Services, LLC","Shackelford","","15","6","1321","","4528"
"2017","TX","Shamburger Lake Plant","VALENCE OPERATING COMPANY","VALENCE OPERATING COMPANY","SMITH","75706","2","0.115","1295","","355"
"2017","TX","Sherman","SemGas, LP","SemGas, LP","Grayson","75092-6707","30","30","","","350"
"2017","TX","Shilling Gas Plant","Enterprise Hydrocarbons L.P.","Enterprise Products Operating LLC","Webb","78357-2032","110","110","1200","",""
"2017","TX","Shoup Cryogenic Plant","Enterprise Hydrocarbons L.P.","Enterprise Hydrocarbons L.P.","Nueces","78410","285","255","1120","","1700"
"2017","TX","Silver Creek Plant","Enlink Texas Processing, LP","Enlink Texas Processing, LP","Parker","76087","200","146","1164","","1287"
"2017","TX","Silver Oak Plant 1","APL South Tex Processing Company LP","TPL South Tex Processing Company LP","Bee","78162","260","179","1292","",""
"2017","TX","Slaughter Gasoline Plant","Oxy","Oxy","Hockley","79372","35","30","1400","","446000"
"2017","TX","Slaughter Gasoline Plant (Mallet)","Oxy","Oxy","Hockley","79372","345","340","1250","","2200"
"2017","TX","Snyder Gasoline Plant","ExxonMobil Corporation","Kinder Morgan CO2","Scurry","79549","90","59","1300","","1000"
"2017","TX","Sonora Plant","Enterprise Hydrocarbons LP","Enterprise Products Operating LLC","Sutton","76950","120","95","1141","","750"
"2017","TX","Southwest Ozona","DCP Operating Company, LP","DCP Operating Company, LP","Crockett","76943-1029","90","85","1160","","1429"
"2017","TX","Spearman Plant","ETC Field Serivces LLC","ETC Field Services LLC","Ochiltree","79081","100","80","1210","","1657"
"2017","TX","Spraberry Plant","Navitas Midstream Midland Basin, LLC","","Midland","79706","125","63","1300","",""
"2017","TX","Sterling Plant","Targa Resources","Targa Resources","Sterling","76951","90","85","1250","0","1610"
"2017","TX","Stockman Plant","Enable Midstream Partners","Enable Midstream Partners","Shelby","75935","15","1","1070","","714"
"2017","TX","Sunray Gas Plant","ETC Field Services LLC","ETC Field Services LLC","Moore","79086","165","145","1185","","4050"
"2017","TX","Sutton Sonora Plant","DCP Operating Company, LP","DCP Operating Company, LP","Sutton","76493","62","62","1175","","4523"
"2017","TX","Sweetwater Creek Gas Plant","Aethon United BR LP","Aethon Energy Operating LLC","Wise","76234","12","8","1120","","5714"
"2017","TX","Tarzan Gas Plant","Targa Resources","Targa Resources","Martin","79749","10","8.7","1050","","1876"
"2017","TX","Texas City Processing Plant","Kinder Morgan Tejas Pipeline LLC","Kinder Morgan Tejas Pipeline LLC","Galveston","77590","65","65","1045","","400"
"2017","TX","Thompsonville Gas Plant","Enterprise Hydrocarbons LP","Enterprise Hydrocarbons LP","Jim Hogg","77369","330","305","1140","",""
"2017","TX","Three Rivers","DCP Operating Company, LP","DCP Operating Company, LP","Live Oak","78022","95","","","","1380"
"2017","TX","Tilden","ETC Field Services LLC","ETC Field Services LLC","McMullen","78072","150","98","1250","","3250"
"2017","TX","Tippett Plant","ETC Field Services LLC","ETC Field Services LLC","Upton","79752","55","50","1200","","7500"
"2017","TX","Tolar Plant/Black Diamond","DCP Operating Company, LP","DCP Operating Company, LP","Hood","76476","120","20","1270","","1430"
"2017","TX","Tract 75 Gas Plant","Kinder Morgan Production Company LLC","Kinder Morgan Production Company LLC","Pecos","79744","110","73","300","",""
"2017","TX","Trend Gathering Farrar plant","XTO Energy","XTO Energy","Limestone","75846","330","110","1000","","3000"
"2017","TX","Trend Teague Plant","Trend Gathering and Treating L.P.","Trend Gathering and Treating L.P.","Freestone","75860","330","200","1025","","3000"
"2017","TX","Trinidad","Enbridge G & P (East Texas) L.P.","Enbridge G & P (East Texas) L.P.","Henderson","75163","65","52","1049","","476"
"2017","TX","Tyler Gas Plant","Aethon United Gas LP","Aethon Energy Operating LLC","Smith","75704","1","1","","","210"
"2017","TX","VAN PLANT","UNOCAL - CNAEP","UNOCAL - CNAEP","VAN ZANDT","75790","1.2","0.5","1370","","1142"
"2017","TX","WHEELER","ENABLE PRODUCTS LLC","ENABLE PRODUCTS LLC","WHEELER","79096","200","200","1215","",""
"2017","TX","WORSHAM-STEED CRYOGENIC GAS PLANT","NORTEX MIDSTREAM PARTNERS, LLC","WORSHAM-STEED GAS STORAGE, LLC","JACK","76486","60","41","950","",""
"2017","TX","WPMT NGL","OCCIDENTAL PERMIAN LTD 04","OCCIDENTAL PERMIAN LTD","Yoakum","79323","40","11","891","",""
"2017","TX","Waha Plant","ETC Field Services LLC","ETC Field Services LLC","Pecos","79730","120","120","1184","",""
"2017","TX","Waskom Gas Processing","Enable Midsteam Partners, LP","Enable Midstream Partners, LP","Harrision","75692","250","210","1080","","48000"
"2017","TX","Wasson ODC Unit CO2 Removal Plant","OCCIDENTAL PERMIAN LTD 04","OCCIDENTAL PERMIAN LTD","Yoakum","79323","100","96","","","4300"
"2017","TX","Wheeler","ETC Field Services LLC","ETC Field Services LLC","Wheeler","79096","60","35","1195","",""
"2017","TX","Wilcox Gas Plant","DCP Operating Company, LP","DCP Operating Company, LP","Lavaca","77964","240","135","1102","","9857"
"2017","TX","Willard CO2 Recovery Plant","OXY USA WTP, LP 00","OXY","Yoakum","79323","96","94","185","0","1500"
"2017","TX","Woodall Plant","ETC Field Services LLC","ETC Field Services LLC","Hemphill","79011","60","32","1190","","430"
"2017","TX","Woodsboro Plant","Southcross Energy GP LLC","Southcross Processing LLC","Refugio","78393","200","139","1206","","2000"
"2017","TX","Yoakum Gas Processing Plant","Enterprise Hydrocarbons LP","Enterprise Products Operating LLC","Lavaca","77995","900","900","1250","",""
"2017","TX","Zybach","Enbridge Pipelines (Texas Gathering) L.P.","","Wheeler","79011","164","69","1169","","952"
"2017","Tx","Block 31 Plant","Oxy","","Crane","79731","41","41","550","","718"
"2017","Tx","Delaware Basin Gas Processing Plant","Delaware Basin Gas Processing, LLC","Enterprise Products Operating LLC","Reeves","79730","150","150","1239","",""
"2017","Tx","Panola II Processing Plant","BTA Gas Processing LLC","BTA Gas Processing LLC","Panola","75633","120","60","1117","0","267"
"2017","Tx","Targa Sandhills Plt","Targa Resources","Targa Resources","Crane","79743","180","152","1230","","9285"
"2017","UT","Altamont Gas Plant","Kinder Morgan","Kinder Morgan - Altamont","Duchesne","84001","80","76","1200","","22476"
"2017","UT","Brundage Canyon Gas Plant","Berry Petroleum Company LLC","Berry Petroleum Company LLC","Duchesne","","30","21","1180","","4285"
"2017","UT","CHIPETA PLANT","Western Gas Partners, LP","Western Gas Partners, LP","UINTAH","84078","750","415","1112","",""
"2017","UT","Harley Dome Plant","Red Rock Gathering Company, LLC","Red Rock Gathering Company, LLC.","Grand County","81505","30","14","1098","","714"
"2017","UT","Kastler Dew Point Plant","Dominion Energy Questar Pipeline","Dominion Energy Questar Pipeline","Daggett","84023","300","9","1046","","2143"
"2017","UT","Pineview Gas Plant","","Citation Oil & Gas Corp.","Summit","84017","2","1","1870","","5000"
"2017","UT","Price Raptor Plant","Dominion Energy Questar Field Services","Dominion Energy Questar Pipeline","Carbon","84501","130","","1046","","3571"
"2017","UT","Red Wash Area","Andeavor Field Services LLC","Andeavor Field Services LLC","Uintah","84078","300","198","1102","",""
"2017","WV","Copley Extraction Plant","Dominion Gathering and Processing, Inc.","Dominion Energy Transmission, Inc.","Lewis","26452","35","","","","2514"
"2017","WV","Fort Beeler","Williams Partners LP","Williams Partners LP","Marshall","26033","520","280","1212","","19285"
"2017","WV","Hastings Extraction Plant","Dominion Gathering and Processing, Inc.","Dominion Energy Transmission, Inc.","Wetzel","26419","180","147","1231","","37979"
"2017","WV","Hurricane Gas Processing Plant","Tulsa Hurricane, LLC","Elkhorn Gas Processing","Putnam","25526","10","4","1250","","2429"
"2017","WV","Kenova","Markwest Energy Partners, L.P.","Markwest Energy Partners, L.P.","Kanawha","25045-0932","160","108","1220","","13600"
"2017","WV","Kermit","Core Appalachia Operating, LLC","Core Appalachia Operating, LLC","Mingo","25674","32","18","1268","","714"
"2017","WV","Lightburn Extraction Plant","Dominion Gathering and Processing, Inc.","Dominion Energy Transmission, Inc.","Lewis","26378","44","9","1166","","5028"
"2017","WV","Majorsville Plant","MarkWest Liberty Midstream & Resource","MarkWest Liberty Midstream & Resource","Marshall","26036","1070","902","1241","",""
"2017","WV","Markwest Cobb Extraction","Markwest Energy Partners, L.P.","Markwest Energy Partners, L.P.","Kanawha","25045-0932","35","24","1240","","2950"
"2017","WV","Mobley Plant","MARKWEST LIBERTY MIDSTREAM & RES","","Wetzel","26437","920","886","1172.22","0","0"
"2017","WV","Natrium Extraction and Fractionation Plant","Blue Racer Midstream, LLC","Blue Racer Midstream, LLC","Marshall","26055","450","424","1217","","150100"
"2017","WV","Oak Grove","Williams Partners LP","Williams Partners LP","Marshall","56041","200","75","1212","","3213"
"2017","WV","Sherwood Plant","MarkWest Liberty Midstream & Resource","MarkWest Liberty Midstream & Resource","Doddridge","26456","1800","1481","1225","",""
"2017","WV","Smokehouse","Core Appalachia Operating, LLC","Core Appalachia Operating, LLC","Logan","25508","13","7","1279","","2142"
"2017","WV","West Union NGL Extraction Plant","Dominion Gathering and Processing, Inc.","Dominion Energy Transmission, Inc.","Doddridge","26456","35","","","","2514"
"2017","WY","50 Buttes Processing Facility","Thunder Creek Gas Services,L.L.C.","Thunder Creek Gas Services, L.L.C.","Campbell","82718","90","81","1274","","15657"
"2017","WY","Anschutz Ranch East","Merit Energy Company","Merit Energy Company","Uinta","82930","55","10","1026","","10000"
"2017","WY","BISON TREATING FACILITY","Western Gas Partners, LP","Western Gas Partners, LP","Campbell","82718","270","137","927","",""
"2017","WY","Blacks Fork Gas Plant","Green River Processing","Green River Processing","Sweetwater","52934","765","443","1092","","18334"
"2017","WY","Bucking Horse Gas Plant","Williams Companies","Williams","Converse","82633","120","56","1284","",""
"2017","WY","Carter Creek Gas Plant","Hilcorp Energy Development LP","Hilcorp Energy Development LP","Uinta","82930","62","45","1010","0","75"
"2017","WY","Casper Plant","TALLGRASS ENERGY MIDSTREAM LLC","","NATRONA","82604","65","45","1145","","8970"
"2017","WY","Douglas Plant","TALLGRASS ENERGY MIDSTREAM LLC","TALLGRASS ENERGY MIDSTREAM LLC","CONVERSE","82633","130","63","1193","","15650"
"2017","WY","Echo Springs Gas Plant","Williams","Williams Midstream Services, LLC","Carbon","82336","745","480","","",""
"2017","WY","Elk Basin Gasoline Plant","Encore Energy Partners Operating LLC","Encore Energy Partners Operating LLC","Park","82435","13","12","340","",""
"2017","WY","Emigrant Trail Gas Plant","Green River Processing, LLC","Green River Processing, LLC","Uinta","82937","55","32","1124","","2800"
"2017","WY","FORT UNION MEDICINE BOW TREATING FACILITY","Crestone Energy Ventures LLC","Western Gas Partners, LP","Converse","82633","340","111","953","",""
"2017","WY","Garland Gas Plant","Merit Energy Company","Merit Energy Company","Park","84212","4","1","1090","","572"
"2017","WY","Granger Gas Plant","Mountain Gas Resources, LLC","Anadarko Petroleum","Sweetwater","82935","500","296","1092","","22300"
"2017","WY","HILIGHT COMPLEX","Western Gas Partners, LP","Western Gas Partners, LP","Campbell","82718","60","52","1385","","13725"
"2017","WY","Lost Cabin Gas Plant","ConocoPhillips Company (Burlington Resources)","ConocoPhillips Company","Fremont","82642","265","211","984","0","0"
"2017","WY","NEWCASTLE COMPLEX","Western Gas Partners, LP","Western Gas Partners, LP","Weston","82710","3","2","1550","","4005"
"2017","WY","Opal Gas Plant","Williams","Williams Midstream Services, LLC","Lincoln","83124","1100","660","","","37000"
"2017","WY","Oregon Basin Gas Plant","Merit Energy Company","Marathon Oil Company","Park","82414","6","5.6","928.4","","952"
"2017","WY","Painter","Merit Energy Company","Merit Energy Company","Uinta","82931","270","185","730","","13000"
"2017","WY","Patrick Draw Gas Plant","Mountain Gas Resources, LLC","Anadarko Petroleum","Sweetwater","82901","120","70","1165","","24500"
"2017","WY","Pioneer Cryogenic Plant","Enterprise Gas Processing,LLC","Enterprise Gas Processing LLC","Lincoln","83124","800","758","1115","",""
"2017","WY","Sage Creek Natural Gas Processing Plant","ONEOK","ONEOK","Converse","82637","50","20","1300","","200"
"2017","WY","Silo Gas Plant","Kaiser-Frontier Midstream, LLC","Kaiser-Frontier Midstream, LLC","Laramie","82009","15","6","1400","","2140"
"2017","WY","Silvertip","Incremental Oil and Gas","Incremental Oil and Gas","Park","82435","5","5","","","2140"
"2017","WY","Vermillion Gas Plant","Andeavor Field Services LLC","Andeavor Field Services LLC","Sweetwater","82934","57","49","1068","","685"
"2017","WY","Worland Plant","Devon Energy Production Co LP","Devon Energy Production Co LP","Washakie","82401","10","5","1287","","9200"
"2017","WY","YU BENCH","ROCK OIL AND GAS ASSETS, LLC","CUMBERLAND OPERATING, LLC","PARK","82414","4","1","1115","","714"